{
	"quizHeading": "<h1>🔭 Fill in the _____ Examples</h1>",	
	"feedbackType": "continuous",
	"showPoolName": true,
	"showProgressBar": true,
	"showStrikes": false,
	"colouredFeedback": true,
	"preQuizHtml": false,
	"postQuizHtml": "<p>If you want to learn more about the galaxy, I recommend you check out this page on National Geographic's website:</p><p><a href=\"https://video.nationalgeographic.com/video/101-videos/00000161-d7ea-dcda-a37f-d7fe96d30000\" target=\"_blank\">Origins of the Universe 101</a></p>",
	"endConditions": {
		"preface": "This quiz will end if...",
		"numQuestionsCorrectToEnd": {			
			"enabled": false,
			"limit": 4,
			"preQuizText": "You correctly answer any 10 questions.",
			"useForProgressBar": false
		},
		"numQuestionsIncorrectToEnd": {
			"enabled": false,
			"limit": 5,
			"preQuizText": "You incorrectly answer any 10 questions.",
			"useForStrikes": false
		},
		"noRemainingQuestionsAtCurrentPool": {
			"enabled": false,
			"preQuizText": false
		}
	},
	"questionPools": [
		{
			"poolId": 2,
			"poolName": "🌌 The Galaxy",
			"repeatWrong": true,
			"repeatCorrect": true,
			"numWrongBeforeDowngrade": 1,
			"numRightBeforeUpgrade": 2,
			"upgradePoolId": null,
			"downgradePoolId": 1,
			"feedbackOnUpgradeHtml": false,
			"feedbackOnDowngradeHtml": "<p class=\"mb-4\">Dang, you got one wrong! Review your notes and try again. :D</p><img src=\"https://previews.123rf.com/images/vector2011/vector20111606/vector2011160600045/58662850-funny-drawing-of-a-sun-i-is-making-a-selfie-with-his-mobile.jpg\" style='max-width: 100%;'>",
			"randomizeQuestionOrder": true,
			"questions": [
				{
					"questionType": "fitb",
					"questionHtml": "The milky way is a #{blank} galaxy.",
					"hintHtml": "It's six letters. 🌌",
					"caseSensitive": false,
					"feedbackForPerfect": "Perfect! It is a 'spiral' galaxy, or a 'barred spiral' galaxy to be more precise.",
					"feedbackForImperfect": "NOT QUITE...",
					"blankSize": 10,
					"blankMaxLength": 20,
					"answers": [
						"spiral", "barred spiral"
					]
				},
				{
					"questionType": "fitb",
					"questionHtml": "The symbol for the speed of light is:<br>#{blank}",
					"hintHtml": "<p>It's a letter...</p><img style='max-height: 250px; display: block; margin-left: auto; margin-right: auto' src=\"planning_files/sample_images/idea.jpg\" alt=\"\" class=\"mb-2\">",
					"caseSensitive": false,
					"feedbackForPerfect": "Yes, it is <strong><em>c</em></strong>",
					"feedbackForImperfect": "Actually, it is <strong><em>c</em></strong>",
					"blankSize": 4,
					"blankMaxLength": 4,
					"answers": [
						"c"
					]					
				}
			]
		}
	]
}
